"gene"	"adj.pval.treatment1"	"adj.pval.treatment2"	"adj.pval.treatment1_x_treatment2"
"PGEN_.00g275080"	6.43001698311917e-108	0.139255201277033	6.05792037953452e-244
"PGEN_.00g165230"	7.16758688557994e-17	0.149967444691797	6.35586328034082e-241
"PGEN_.00g086530"	0	3.87009116652035e-169	2.44008024665326e-199
"PGEN_.00g149640"	1.38677054382198e-07	6.01388082433149e-56	5.32340461854331e-148
"PGEN_.00g127230"	1.13574222047521e-11	9.07392821166048e-08	1.4219645468309e-91
"PGEN_.00g279140"	1.18777079513547e-16	3.37345096737783e-104	1.25437906418519e-90
"PGEN_.00g208580"	1.03136977839068e-38	0.314910735124238	3.8494403659649e-72
"PGEN_.00g316430"	3.0420745400588e-82	5.75112589640619e-22	1.25557186926522e-67
"PGEN_.00g284710"	1.23602227170897e-05	0.0060123210060919	3.74458183601611e-64
"PGEN_.00g104730"	0.000592312770877281	7.89564517961758e-08	8.41833900327538e-61
"PGEN_.00g345410"	1.02307055572594e-68	4.14603088324134e-07	5.68276820468256e-53
"PGEN_.00g322650"	0.00365354169520244	0.145911539572318	5.63900666906101e-51
"PGEN_.00g279150"	1.57528980879597e-181	1.95614019757677e-13	2.97778336483659e-44
"PGEN_.00g198010"	9.64008062951475e-218	5.46602432030074e-250	3.52517785171167e-36
"PGEN_.00g167890"	2.45422345256617e-17	1.94054698114293e-84	8.41240723396327e-36
"PGEN_.00g101030"	0.00193661836844924	3.96202213405499e-39	1.22921960666354e-35
"PGEN_.00g302860"	0.101061264865538	3.68653763384382e-38	2.88001769935698e-35
"PGEN_.00g049230"	3.51843214943228e-35	0.397248409939461	4.54706449003701e-34
"PGEN_.00g295480"	5.60559464634012e-41	0.411452458303515	1.64409321254238e-33
"PGEN_.00g211830"	4.01904499928186e-09	0.15880710215687	9.42502300001256e-33
"PGEN_.00g116710"	2.59268946275852e-83	1.47212029951078e-14	8.55872291008072e-32
"PGEN_.00g291910"	1.27059436128725e-182	0.786151097303722	1.38480073598538e-31
"PGEN_.00g140310"	4.17125095690759e-30	3.73305983521273e-29	2.09822654101435e-31
"PGEN_.00g277910"	4.5254471541642e-46	2.95627480949376e-11	1.47145743606311e-28
"PGEN_.00g068720"	3.7206938691062e-14	3.04824651422142e-09	6.4607005212228e-28
"PGEN_.00g126640"	2.17140615704825e-06	0.00231521284851464	7.71626634612031e-28
"PGEN_.00g097550"	7.05322613392745e-15	0.349760922881058	4.38801377538975e-27
"PGEN_.00g328960"	1.98231221812466e-06	1.2745391470121e-05	3.62843563289569e-26
"PGEN_.00g334600"	0.86150234943655	0.692808563674087	1.20697698338182e-25
"PGEN_.00g271690"	0.000327112843707849	9.81969973546776e-23	9.82623533232909e-23
"PGEN_.00g186170"	0.000152873753681959	0.561337931469331	3.25879607187475e-22
"PGEN_.00g342450"	1.40367055153237e-20	0.636084371320491	2.91219874256901e-20
"PGEN_.00g043790"	7.06995124504302e-28	4.24894266454324e-55	3.10546364728877e-20
"PGEN_.00g129780"	4.83736660831317e-28	0.0476599553158026	4.89774619225082e-20
"PGEN_.00g283380"	0.447411354781361	0.740749440320274	7.9268429812837e-20
"PGEN_.00g279730"	2.63800087567517e-15	0.748335708993203	1.38531835254799e-19
"PGEN_.00g036880"	9.69782695304373e-08	1.71331908483891e-09	5.00738589646284e-19
"PGEN_.00g231770"	5.26145303244884e-46	1.03829268871114e-23	6.87310962916746e-19
"PGEN_.00g049950"	1.87911576006574e-198	2.00715810045396e-95	1.68619423765051e-18
"PGEN_.00g074780"	1.64751441306265e-11	0.561359856154418	6.01294400175435e-18
"PGEN_.00g061770"	3.95366850561955e-07	3.07815951475433e-05	7.01874126642679e-18
"PGEN_.00g127570"	0.45186192210215	0.820101810707837	3.14395116475173e-17
"PGEN_.00g266260"	0.000350719441604581	0.968633101056069	3.41247688355424e-17
"PGEN_.00g342460"	2.11445939226256e-08	0.933939856797909	1.65613999537915e-16
"PGEN_.00g046010"	0.38722808213068	0.954466992566052	5.65097389656079e-16
"PGEN_.00g139570"	1.19743318569004e-07	0.000287743175805685	2.82253228439773e-15
"PGEN_.00g266700"	0.75354467171227	0.90380676294122	3.6793588092103e-14
"PGEN_.00g035080"	3.38493472583218e-27	0.973426373411381	5.3683857543841e-14
"PGEN_.00g077870"	0.00154012900867724	0.476213785855516	5.37665391455005e-14
"PGEN_.00g044020"	0.0291723487286201	0.149967444691797	6.3944289331898e-14
"PGEN_.00g337850"	0.149642756996541	0.717104279031869	9.09693611676453e-14
"PGEN_.00g003320"	2.91715424921727e-14	0.0919591737758477	1.31809529355579e-13
"PGEN_.00g285690"	0.0116750306645245	0.147138867384583	1.7320625054849e-13
"PGEN_.00g284080"	1.51138215038351e-05	0.698748726025852	2.16309519682951e-13
"PGEN_.00g332240"	2.45516206544044e-05	0.859597413096906	3.32841429608373e-13
"PGEN_.00g232340"	3.76913784824275e-12	0.0125246904800798	2.78552848049891e-12
"PGEN_.00g311750"	4.57000090505302e-09	0.00027198764726015	3.74688416315205e-12
"PGEN_.00g271680"	4.42262010123756e-14	0.000485084221402946	4.08880574255561e-12
"PGEN_.00g034500"	0.000190624302300185	0.395430148637166	5.02026203383189e-12
"PGEN_.00g017070"	0.334712851533845	6.19417157666832e-07	7.91689619952913e-12
"PGEN_.00g139560"	0.000313529746738533	0.123737982422903	1.91809658133796e-11
"PGEN_.00g316040"	4.82543743380373e-17	9.07392821166048e-08	1.91809658133796e-11
"PGEN_.00g038260"	0.0912155126747019	1.49493319012682e-39	2.32085496916331e-11
"PGEN_.00g069610"	0.000144644115395007	0.00282750347505058	2.59508908651369e-11
"PGEN_.00g348630"	0.402743195613688	1.72188312378244e-07	2.72033730564567e-11
"PGEN_.00g139540"	4.07777145671402e-09	0.156145790550324	3.57404847000573e-11
"PGEN_.00g050170"	0.0122988265832504	0.735261932419261	4.77101314052893e-11
"PGEN_.00g185930"	2.67815699025227e-52	7.45174369366425e-19	8.2690094718429e-11
"PGEN_.00g150000"	1.11744811093604e-06	4.0267096801448e-11	2.48804370515162e-10
"PGEN_.00g190430"	1.78042371068993e-06	5.43751877981233e-09	7.13610149754777e-10
"PGEN_.00g004460"	0.461195392686506	0.314910735124238	1.15792760215324e-09
"PGEN_.00g213350"	0.359930006418995	1.76493897431915e-20	1.16242473609187e-09
"PGEN_.00g076180"	4.50704695633396e-05	0.677303399392791	2.49134297273664e-09
"PGEN_.00g017320"	0.0134026777318015	1.27753824225968e-09	3.14985863888369e-09
"PGEN_.00g305680"	0.0153161923027104	0.191794819458757	3.49365845767882e-09
"PGEN_.00g080870"	0.0145382405460513	0.237955633026357	3.65376527610529e-09
"PGEN_.00g263790"	0.482081601196047	0.581243406817477	3.82882964019241e-09
"PGEN_.00g242750"	0.00464502685265674	0.00181312170258801	5.37189771607897e-09
"PGEN_.00g160750"	0.0790594913016486	0.0202982527374641	1.05841343767528e-08
"PGEN_.00g252700"	1.84444702566956e-06	0.190198447299144	1.11918630034627e-08
"PGEN_.00g207530"	0.157730274205583	0.615909473364577	1.16310532916614e-08
"PGEN_.00g186290"	2.42634609159395e-08	0.453203400363245	1.72626831055716e-08
"PGEN_.00g070620"	0.00214147670492852	0.461720433589208	1.75185182866285e-08
"PGEN_.00g105850"	0.0948107266203017	4.2573204864287e-10	2.42909338209826e-08
"PGEN_.00g147090"	0.00242655024459626	0.944359184812895	3.2042151417379e-08
"PGEN_.00g073580"	0.265948515821603	0.0899267669831178	3.51522634915548e-08
"PGEN_.00g136060"	0.400590327704019	0.483620311487436	5.7609014882408e-08
"PGEN_.00g032730"	0.0023803244082083	0.48505209663346	6.24792851281504e-08
"PGEN_.00g057380"	0.310358717401567	7.30328226628941e-12	6.60436949101386e-08
"PGEN_.00g277700"	0.0159637628268782	0.0751775837562471	6.61732033403694e-08
"PGEN_.00g153440"	6.84830894587353e-19	2.59581582735686e-07	6.67787014226734e-08
"PGEN_.00g092010"	0.00105713928222354	0.663618016135141	7.75418638031046e-08
"PGEN_.00g228070"	0.529461758155989	0.954687641489269	7.78396200029728e-08
"PGEN_.00g234920"	6.47449880113536e-06	0.160760371715348	7.78396200029728e-08
"PGEN_.00g010610"	1.78042371068993e-06	0.00748487336493934	8.35385281140744e-08
"PGEN_.00g126370"	0.00161527440418979	0.367156657337824	9.11016322213949e-08
"PGEN_.00g316200"	5.41752365011091e-06	2.37651656173825e-11	9.52003756504195e-08
"PGEN_.00g203460"	0.431582303639129	0.825022722058483	1.11041739531638e-07
"PGEN_.00g282680"	0.123611990030402	0.709841482834932	1.2170316260133e-07
"PGEN_.00g273380"	0.0150709907652253	0.16625242825598	1.27906034153373e-07
"PGEN_.00g209090"	0.790509147890563	0.21791916374581	1.40904869395831e-07
"PGEN_.00g032670"	0.235853782108011	0.698748726025852	1.82876656883734e-07
"PGEN_.00g329510"	0.000263091564012033	0.627230084431166	1.8876844922012e-07
"PGEN_.00g333690"	4.38182916225311e-10	1.63792683341268e-05	3.01064396424771e-07
"PGEN_.00g017150"	8.62841046075522e-08	9.65784742381606e-52	3.19003448244804e-07
"PGEN_.00g062630"	0.00189961899382509	0.934560852240742	3.69347621092205e-07
"PGEN_.00g084590"	0.000789597213733952	2.67857614084226e-09	4.06322196838349e-07
"PGEN_.00g237520"	3.48503358596652e-10	5.31716454607257e-10	4.14206655053566e-07
"PGEN_.00g233360"	3.13137481516856e-15	5.01625188404914e-60	5.15525605229357e-07
"PGEN_.00g344620"	0.0495009108261607	0.52615177618353	5.15525605229357e-07
"PGEN_.00g010910"	0.826546754772649	0.000144408749743792	5.34489726903107e-07
"PGEN_.00g123920"	0.229018773290524	0.878677872912182	5.8266820716032e-07
"PGEN_.00g349440"	0.0351908077209877	0.43070614985613	8.07398056489326e-07
"PGEN_.00g008090"	0.620036758721446	0.0145249351214515	8.29525488754928e-07
"PGEN_.00g288770"	0.00369082061083786	0.801460375859917	9.22764142417359e-07
"PGEN_.00g304250"	0.00993253798745698	0.314910735124238	1.03548926889551e-06
"PGEN_.00g153580"	1.88449978655404e-06	2.9718332216925e-06	1.21621757236028e-06
"PGEN_.00g170010"	3.02077191359046e-06	6.31917333986541e-09	1.65545240782919e-06
"PGEN_.00g078180"	0.937525850314864	0.577757749927598	2.03004709394546e-06
"PGEN_.00g066220"	1.07349416217621e-05	0.891395606672078	2.47133499907084e-06
"PGEN_.00g053170"	3.24818486826933e-06	0.00012395153342089	2.69827859364235e-06
"PGEN_.00g051430"	0.743340667592993	0.0275330999195033	3.63899800054801e-06
"PGEN_.00g229290"	0.793247929762094	5.68871319245863e-08	3.76728046866151e-06
"PGEN_.00g235100"	0.0559505551232442	0.970130334987832	3.91384559837494e-06
"PGEN_.00g230620"	8.76118839374329e-09	0.260076070451925	5.16145708987451e-06
"PGEN_.00g199570"	0.896652759400583	0.0812599089091386	6.26645139822583e-06
"PGEN_.00g021710"	0.169451748478775	0.640011737591255	6.43619128608315e-06
"PGEN_.00g164830"	1.85228631307814e-06	2.60287899951082e-06	8.02690866582086e-06
"PGEN_.00g308970"	0.00590963707571896	1.60921177529929e-11	8.13902919127236e-06
"PGEN_.00g000280"	1.71285378317722e-07	0.627146382426752	8.25221706959982e-06
"PGEN_.00g120380"	1.62252172053444e-06	0.0451359342816616	8.37241884463008e-06
"PGEN_.00g299840"	0.00246643523910897	0.86000090138441	8.53785882851644e-06
"PGEN_.00g207710"	0.329596927560492	0.859597413096906	8.63970585693373e-06
"PGEN_.00g293770"	1.7537595123665e-07	3.64048519281508e-18	9.45691886568665e-06
"PGEN_.00g175660"	5.07542342251513e-11	0.763088090179181	9.9120957510985e-06
"PGEN_.00g278820"	1.67069610468078e-88	0.000694257070684539	1.01172382756703e-05
"PGEN_.00g312460"	0.0101267862003665	0.813369922513086	1.07743993755034e-05
"PGEN_.00g124830"	0.000119434987462933	0.52169386436817	1.10395423066714e-05
"PGEN_.00g110700"	0.482775303916641	0.138356594649247	1.12337048572372e-05
"PGEN_.00g162010"	0.430388997057262	0.820101810707837	1.12337048572372e-05
"PGEN_.00g211020"	0.351913893971764	0.104501843073837	1.12337048572372e-05
"PGEN_.00g137910"	0.0423974599220278	0.00631915530013053	1.1587931392213e-05
"PGEN_.00g024960"	2.31416964190717e-09	0.563458053843619	1.83380408240805e-05
"PGEN_.00g164020"	0.00120274161243738	0.137950735410511	2.01768191001814e-05
"PGEN_.00g316050"	0.000977101690941986	0.801460375859917	2.02905881955566e-05
"PGEN_.00g328290"	1.34738628505389e-09	0.619037622669197	2.0846048735504e-05
"PGEN_.00g043540"	0.270622430878742	0.0795475326849357	2.19585202889486e-05
"PGEN_.00g063860"	4.06839180138578e-07	0.146048062221335	2.21950279544421e-05
"PGEN_.00g312690"	0.000604925825389172	0.000785721959660744	2.21950279544421e-05
"PGEN_.00g325420"	0.637129851759291	0.37798687971179	2.31137860418507e-05
"PGEN_.00g125310"	0.0206454835707426	0.0276946901235372	2.36311489432789e-05
"PGEN_.00g233580"	0.253537875639413	0.972043114851193	2.46321959269688e-05
"PGEN_.00g066200"	3.39173440983547e-06	0.58090120071781	2.60359849557757e-05
"PGEN_.00g334800"	0.155441551387791	0.935825307380979	2.63390087937369e-05
"PGEN_.00g336350"	0.0843757800911756	0.000182379238880096	2.64257122221136e-05
"PGEN_.00g285330"	1.23649098782073e-17	0.000166253705858907	3.309105878395e-05
"PGEN_.00g185140"	0.00603567664725091	0.000359812968992996	3.5126614000258e-05
"PGEN_.00g194760"	5.41752365011091e-06	0.0440728121759044	3.6818760863098e-05
"PGEN_.00g034230"	0.439946823382043	4.55010252710526e-09	3.7397193247595e-05
"PGEN_.00g270020"	0.920689470719069	0.084543488290265	4.12413600170001e-05
"PGEN_.00g015800"	0.0160140018578994	0.0113978152092618	4.87837697157983e-05
"PGEN_.00g215680"	1.90631104485379e-12	0.0949217553106191	5.72261117644018e-05
"PGEN_.00g061060"	0.519763135761358	0.706011955895536	5.81229504216884e-05
"PGEN_.00g284780"	0.160001480440352	0.954687641489269	5.98130890120202e-05
"PGEN_.00g279430"	0.00527619217318194	0.000727390779461467	6.00839056239141e-05
"PGEN_.00g192620"	0.26736318387918	0.962867837059525	6.09813765397422e-05
"PGEN_.00g072260"	0.195622403792151	0.807370141407523	7.61334348649207e-05
"PGEN_.00g003330"	1.44356797810951e-39	0.69566261327284	8.23140488263426e-05
"PGEN_.00g190710"	1.13574222047521e-11	0.955481719686864	9.42961169662965e-05
"PGEN_.00g039410"	0.968867369053833	0.176069322227781	9.5378060083489e-05
"PGEN_.00g241080"	0.000890590169261001	0.929571831406455	9.55398031802924e-05
"PGEN_.00g254650"	0.0134405597636135	0.31042689001931	9.69680309747081e-05
"PGEN_.00g267920"	0.00191592071943769	0.989391241056912	9.69680309747081e-05
"PGEN_.00g133000"	0.00120274161243738	0.31639334178795	9.8194129222033e-05
"PGEN_.00g327330"	0.671901394723487	0.268784148815888	9.92481588850217e-05
"PGEN_.00g216290"	0.349808815767504	0.0332100715752805	0.00010477079400529
"PGEN_.00g084610"	0.653305419886428	9.33262811499358e-08	0.000111659909150356
"PGEN_.00g017310"	3.14219525815894e-11	0.137950735410511	0.00012003851666389
"PGEN_.00g117490"	0.0841724020226424	0.150328329559601	0.000122815411174001
"PGEN_.00g175550"	0.000531508578166095	1.83984992482806e-05	0.000125459863131163
"PGEN_.00g178010"	0.825080522951589	0.0450026932386791	0.000127462083946429
"PGEN_.00g207540"	0.517702680995973	0.756549653815286	0.000127462083946429
"PGEN_.00g000180"	0.902711506714557	0.222079767293808	0.000130980800882437
"PGEN_.00g291040"	0.74576550209919	0.785198974034576	0.000134019715852
"PGEN_.00g172450"	0.71899851549803	0.183032264259802	0.000135234486445129
"PGEN_.00g208340"	0.826568578290717	0.385821018295093	0.000157174342498165
"PGEN_.00g194770"	0.663184179811413	0.748532915353045	0.000157233538237548
"PGEN_.00g228650"	0.0445644606480047	0.00195030763925554	0.000187959792335434
"PGEN_.00g296790"	0.000128270893277243	0.0617981826960458	0.000196089387475557
"PGEN_.00g329280"	0.998477121273786	0.227309370903978	0.000196089387475557
"PGEN_.00g083720"	0.0603690651331824	0.022688095945713	0.000206255617449818
"PGEN_.00g163470"	0.919531280168683	0.888621037622136	0.000206255617449818
"PGEN_.00g281410"	0.330773631488313	0.169710281416926	0.000208733366210829
"PGEN_.00g031560"	0.955548891656868	0.021356002989244	0.000235643337901875
"PGEN_.00g279740"	0.940171396594609	0.0232363935129242	0.000235643337901875
"PGEN_.00g027240"	0.774174788505206	0.0274398341163841	0.00025584351110656
"PGEN_.00g031500"	0.221470203269226	0.928210869672753	0.000278799571729025
"PGEN_.00g146700"	0.980539669572362	0.10150064575873	0.000278799571729025
"PGEN_.00g043300"	0.0912311450323532	0.381457281914565	0.000284536841817487
"PGEN_.00g173770"	0.014278302837697	0.698267310994543	0.000296315785090986
"PGEN_.00g031780"	0.157827252108787	0.464797837041279	0.000301972159171172
"PGEN_.00g300060"	0.00834250726427833	0.92913743529479	0.000321808674053942
"PGEN_.00g220460"	6.85695290435679e-20	0.771103687562895	0.000332979055024844
"PGEN_.00g200730"	1.96227842648146e-07	0.771103687562895	0.000402527038853393
"PGEN_.00g139430"	0.423118499089726	0.954687641489269	0.000447473719530378
"PGEN_.00g311190"	3.9876290544e-09	0.59044533246329	0.000512838904794042
"PGEN_.00g232510"	0.849698990611881	0.00254694457203479	0.00052782666575276
"PGEN_.00g263720"	0.875191469232492	0.707791795201491	0.000536698622802762
"PGEN_.00g001170"	0.000472789628747175	0.033074265646583	0.000541185065189269
"PGEN_.00g272450"	0.329596927560492	0.349757597665189	0.000541185065189269
"PGEN_.00g043230"	0.0202733384749655	0.0466569006571067	0.000554615861507744
"PGEN_.00g062900"	0.0312816886945324	0.0481306399389377	0.000554615861507744
"PGEN_.00g074750"	0.622688844435424	0.0237501869578131	0.00056568045704322
"PGEN_.00g065330"	0.730021450676851	0.294228684996539	0.000576565954924893
"PGEN_.00g137880"	0.00935085739631613	0.10150064575873	0.0006230016308053
"PGEN_.00g269250"	0.00206370997941644	0.366539883637865	0.0006230016308053
"PGEN_.00g060140"	0.117830670073565	0.42022858253505	0.000657150475098967
"PGEN_.00g193010"	0.0219082800360186	4.06137242532216e-05	0.000658530655455569
"PGEN_.00g194220"	0.569759885119156	0.140565234299058	0.000666505872770531
"PGEN_.00g090230"	0.251587707337026	0.663618016135141	0.00067227284623058
"PGEN_.00g187350"	0.11785546179713	0.972043114851193	0.000700476139027413
"PGEN_.00g337830"	0.659884654964079	0.793899330510244	0.00071824050713944
"PGEN_.00g003520"	0.0388651103174844	0.55474982847488	0.000768917623519648
"PGEN_.00g236910"	0.00932642606527654	0.324901573463044	0.000772448234112723
"PGEN_.00g292950"	0.673228669191233	0.780815101322356	0.000780944916710684
"PGEN_.00g110790"	0.30946180838238	5.72526890504754e-05	0.00084059929309399
"PGEN_.00g194750"	0.00294717433052795	0.00133042112649971	0.00084059929309399
"PGEN_.00g254640"	4.71706500970534e-05	0.954687641489269	0.000853898458144791
"PGEN_.00g003490"	0.387871262575179	0.25022194327312	0.000859056178835678
"PGEN_.00g304170"	0.00633973459200335	3.03742437839111e-11	0.000886523603580024
"PGEN_.00g329000"	0.0339047336438429	0.707791795201491	0.000907881695878855
"PGEN_.00g268980"	0.669129582347127	0.174725074158601	0.000912846215836985
"PGEN_.00g030650"	0.65958057623967	0.563444109568177	0.000970343657912826
"PGEN_.00g201280"	0.162312178249801	0.408947263146075	0.00103528782410598
"PGEN_.00g349360"	8.51815089833887e-05	0.192045597442309	0.00111353634477617
"PGEN_.00g142500"	0.944643863026745	0.610091503388647	0.00112199553168654
"PGEN_.00g284070"	0.00382258393690529	0.0614575191625735	0.00115419427247479
"PGEN_.00g168070"	4.29756140460474e-09	6.03312872558528e-08	0.00120152606832838
"PGEN_.00g223280"	0.7730122697658	0.0275330999195033	0.00123928089999415
"PGEN_.00g034240"	1.92079324806683e-08	2.59879592352157e-38	0.00128118103071913
"PGEN_.00g054340"	0.00794733925807516	0.00458171613749135	0.00129299270640654
"PGEN_.00g017640"	0.80569260101585	0.785198974034576	0.0013030416074519
"PGEN_.00g123180"	0.258326562989486	0.0444365950261052	0.0013030416074519
"PGEN_.00g203100"	2.39791303434867e-12	2.29358502904735e-08	0.00131840401225298
"PGEN_.00g045970"	0.450498193273507	0.0656696877490167	0.00133163900415536
"PGEN_.00g193590"	0.000152873753681959	7.89564517961758e-08	0.0013449568999918
"PGEN_.00g128070"	0.321905299847953	0.812876139912217	0.00145585543504892
"PGEN_.00g224670"	0.00191592071943769	0.597670979153719	0.00145585543504892
"PGEN_.00g101020"	4.834369877021e-05	0.655597478781302	0.00146053868090002
"PGEN_.00g206240"	0.000772659065668784	0.0807446078724963	0.00148061483830358
"PGEN_.00g270670"	0.12351472779954	0.65966599947537	0.00149879080293908
"PGEN_.00g254040"	4.68814188872239e-06	0.0216187938492748	0.00149914844166769
"PGEN_.00g201860"	0.00011318659547475	3.31394508288016e-05	0.00166451719349831
"PGEN_.00g142480"	0.329748506035399	0.97729332228858	0.00169335603205032
"PGEN_.00g330670"	7.94200103895014e-05	0.540448707038274	0.00170023500436928
"PGEN_.00g247270"	0.0342995943922518	0.314910735124238	0.00170573288238234
"PGEN_.00g199580"	5.87693242773185e-05	0.0107963405310809	0.00171780376851472
"PGEN_.00g026390"	4.94952395712254e-38	7.75389547332754e-50	0.00179118912946325
"PGEN_.00g336030"	0.790436079062402	0.643337311963661	0.00188406342550593
"PGEN_.00g343970"	0.0466096205450703	0.818375654287426	0.00197675100375548
"PGEN_.00g185010"	0.874101344027148	0.801460375859917	0.0019789115543566
"PGEN_.00g196810"	0.000789597213733952	0.0818455016761511	0.0019789115543566
"PGEN_.00g270150"	0.0132534388997231	0.560194441409402	0.00204380595106105
"PGEN_.00g341580"	0.879922348852649	0.215342686189465	0.00204850476430818
"PGEN_.00g228140"	0.00275119088588968	0.457900161736287	0.0021295570073196
"PGEN_.00g288100"	0.00156376501682367	0.0766201197727233	0.00216383368880157
"PGEN_.00g151250"	0.358933092084393	0.52615177618353	0.00226060459715311
"PGEN_.00g235030"	0.46536469673763	0.000175896931982604	0.00227791453738596
"PGEN_.00g271310"	0.771767008864191	0.781146744735626	0.00242369045007854
"PGEN_.00g203950"	0.175787310469219	0.00158205735998533	0.00254029286055033
"PGEN_.00g167410"	0.334815703200214	0.0182436158337974	0.00264513294824947
"PGEN_.00g065450"	0.0338171625254814	0.221931319625655	0.00268735176049847
"PGEN_.00g025530"	0.374778827067353	0.920567683275184	0.00270154742183281
"PGEN_.00g117140"	0.0784785245868089	0.801460375859917	0.00274293815446852
"PGEN_.00g292360"	1.62830704837643e-05	0.577757749927598	0.00274293815446852
"PGEN_.00g296900"	0.406080837586484	0.643337311963661	0.00274293815446852
"PGEN_.00g260930"	0.331157910785059	0.408947263146075	0.0028795027890943
"PGEN_.00g120700"	0.229018773290524	0.39217111076708	0.00303358340629339
"PGEN_.00g257000"	0.174435592358466	0.00874962409081621	0.00308263243289474
"PGEN_.00g183880"	2.87991809996169e-05	0.0495739314487863	0.00336735401712515
"PGEN_.00g086880"	0.526128118513208	0.820101810707837	0.003474159525258
"PGEN_.00g112130"	0.0403245681495575	0.0881923136011733	0.00352852949725831
"PGEN_.00g180330"	0.00120707914284034	0.0376259519178317	0.00352901763039914
"PGEN_.00g094260"	0.000308427938349267	0.543182170350515	0.00370554307888189
"PGEN_.00g242670"	0.169363763643547	0.0099652617677806	0.00370554307888189
"PGEN_.00g254310"	0.000171130794634691	2.57241722967766e-08	0.0042318161271332
"PGEN_.00g261240"	0.00407017601865373	0.0912010622579017	0.00424262289786718
"PGEN_.00g141740"	0.235806487640479	0.887946468737161	0.00430445223375956
"PGEN_.00g340030"	0.806814628788055	0.176584761407447	0.0046619699080225
"PGEN_.00g198290"	8.19323689469978e-58	0.0394132252514472	0.00479165863705261
"PGEN_.00g329630"	0.0549528448910158	0.972043114851193	0.00492534682092226
"PGEN_.00g198300"	0.355293346797325	0.217651542073773	0.0049878303903292
"PGEN_.00g021210"	0.000379649950671519	0.58914138250813	0.0050057820832895
"PGEN_.00g291920"	0.00135098043131589	4.47244894640964e-05	0.00510709680995733
"PGEN_.00g065870"	0.000138340027110179	0.0351611484662239	0.00521194087872874
"PGEN_.00g110260"	3.76404193249992e-08	0.86000090138441	0.00521194087872874
"PGEN_.00g191430"	6.18139122724214e-07	0.942143115281924	0.00521194087872874
"PGEN_.00g325950"	0.950246546378191	0.409381653808347	0.00521194087872874
"PGEN_.00g173010"	0.334729294265283	0.109558515428751	0.005503596248687
"PGEN_.00g101900"	0.194114999608837	0.759760478069273	0.00557304699366782
"PGEN_.00g207510"	0.744606394462897	0.0175026882005104	0.00558278610651077
"PGEN_.00g067330"	0.00823365922788139	0.655597478781302	0.0058723496525794
"PGEN_.00g132190"	0.421071638791119	0.0611700013917569	0.00618311578702382
"PGEN_.00g340240"	0.972830019455102	0.844456997729494	0.00636315285834699
"PGEN_.00g243110"	1.83038777718119e-06	0.304761331370285	0.00693109598255974
"PGEN_.00g308600"	0.39900994872224	0.625130676241682	0.00693142295601995
"PGEN_.00g039860"	0.00495573090710472	0.196332303065498	0.00714338920981146
"PGEN_.00g278340"	0.656561108285387	0.0881923136011733	0.00714338920981146
"PGEN_.00g218090"	0.0554651415910607	0.367156657337824	0.00718872640334919
"PGEN_.00g062740"	0.0812212788607912	0.0881923136011733	0.007271878489889
"PGEN_.00g078310"	0.0282720258767977	0.717104279031869	0.00746888456473829
"PGEN_.00g214070"	0.673228669191233	0.614677403219905	0.00760213299598618
"PGEN_.00g209330"	0.896065839782833	0.722974837374779	0.00773682108927734
"PGEN_.00g204300"	0.075431768735557	0.00253377831356003	0.00833639855261288
"PGEN_.00g011580"	0.333249846286176	0.874655745443246	0.00866349482546986
"PGEN_.00g018080"	0.0308810087245901	0.0265996420031805	0.00866349482546986
"PGEN_.00g273070"	0.155286215198487	0.959103349640999	0.00873130687382606
"PGEN_.00g127990"	0.0912311450323532	0.405622628290442	0.00880793837547558
"PGEN_.00g242340"	0.0218132619432483	0.492057924631854	0.00988894840851175
"PGEN_.00g109140"	0.896065839782833	0.972043114851193	0.010127413103522
"PGEN_.00g010340"	0.826568578290717	0.0169018710104529	0.0102295879647003
"PGEN_.00g129060"	0.399481064257356	0.387641347044811	0.0103131763148862
"PGEN_.00g014370"	0.00406538124388367	0.00259954545912392	0.0104609373332842
"PGEN_.00g228150"	0.918269997831093	0.610091503388647	0.0105430323581261
"PGEN_.00g178040"	0.253165349127568	0.12941671055538	0.0105975292455414
"PGEN_.00g199950"	0.130573899768859	0.801460375859917	0.0107012615924651
"PGEN_.00g226840"	0.170155199990883	0.354056521457347	0.0109722471325432
"PGEN_.00g299380"	2.56559300898401e-13	0.0240846875451168	0.01106058565942
"PGEN_.00g103430"	0.501159452904872	0.0806816179137838	0.0114270922852443
"PGEN_.00g211820"	0.654793565913159	0.439613311145365	0.012159757588113
"PGEN_.00g067860"	0.0660399697349824	0.448425441626553	0.0124396964016345
"PGEN_.00g173150"	0.00759087129508861	1.4430836198908e-06	0.013919169819324
"PGEN_.00g208000"	0.94048087173815	0.147554774202415	0.0141889287765179
"PGEN_.00g177130"	0.478601410459128	0.30934278168762	0.0144687772980479
"PGEN_.00g348610"	0.849698990611881	0.813369922513086	0.0145522132324895
"PGEN_.00g099340"	0.47925467713832	0.442818057422317	0.0145689915035679
"PGEN_.00g268850"	0.96479700315438	0.50338177363326	0.0147895139012729
"PGEN_.00g275630"	0.98325731787904	0.820767308456061	0.0154124469818782
"PGEN_.00g089070"	0.128040241294348	0.813369922513086	0.0162303266800463
"PGEN_.00g294100"	0.00663159652855153	0.30934278168762	0.0162362776042043
"PGEN_.00g147620"	0.756249889010589	0.212909992381084	0.0163973113150037
"PGEN_.00g108490"	9.37331072200299e-06	1.33248527549182e-06	0.0164634059263804
"PGEN_.00g174350"	0.559646526211036	0.97347646062753	0.0172002265056404
"PGEN_.00g279870"	0.0864670721817365	0.715168256271042	0.0172002265056404
"PGEN_.00g010510"	0.376738255618305	0.503554678128563	0.0172093421525472
"PGEN_.00g246700"	0.849698990611881	0.110124213228715	0.0173737093780276
"PGEN_.00g119200"	0.724353425268714	0.9456821432264	0.0174371851689746
"PGEN_.00g122230"	0.240699728343925	0.917437020638519	0.0174371851689746
"PGEN_.00g082970"	0.744606394462897	0.593060461918539	0.0181008758678907
"PGEN_.00g196820"	0.0453622855408114	0.256672850065938	0.0181008758678907
"PGEN_.00g186780"	0.49886197806952	0.150328329559601	0.0181050938506053
"PGEN_.00g276890"	0.0322058713279222	0.271712526838316	0.0181050938506053
"PGEN_.00g102230"	0.421071638791119	0.52615177618353	0.0183942321176075
"PGEN_.00g211360"	0.00100121387281593	0.206913504480766	0.0185620103630868
"PGEN_.00g253160"	0.423484110891827	0.830267853196735	0.0190040289591033
"PGEN_.00g293980"	0.0403245681495575	0.0216971696235544	0.0191305718086504
"PGEN_.00g125020"	0.000348581109631806	0.801452081918626	0.0195931144572676
"PGEN_.00g233770"	0.0974661999422053	0.875674383236883	0.0195931144572676
"PGEN_.00g081240"	0.438587175075773	0.224902497711166	0.020022549540558
"PGEN_.00g040070"	0.195622403792151	0.801460375859917	0.0201354350738256
"PGEN_.00g071250"	0.53969042591696	0.86000090138441	0.0224150712140847
"PGEN_.00g033530"	0.111168040563469	0.90885999293362	0.0229395920839891
"PGEN_.00g025370"	0.634521678723891	0.677303399392791	0.0231062128519502
"PGEN_.00g123130"	0.605049831889725	0.40206706011542	0.0232811438946988
"PGEN_.00g185830"	8.337003757607e-06	0.192045597442309	0.0237580334150565
"PGEN_.00g310520"	0.339313535673039	0.449101917041325	0.0237580334150565
"PGEN_.00g038230"	0.626659450342075	0.739294033099116	0.0239922577794556
"PGEN_.00g067230"	0.744939863937305	0.99457223562135	0.0239922577794556
"PGEN_.00g171780"	0.0497186275857521	0.0237031168935883	0.0239922577794556
"PGEN_.00g196380"	0.667062063690312	0.00839332368724998	0.0249532242940891
"PGEN_.00g008080"	0.879695050031548	0.610789787032852	0.0249829659105659
"PGEN_.00g058240"	0.863406962082561	0.954687641489269	0.0251165974737354
"PGEN_.00g078850"	0.548339971859479	0.954466992566052	0.0258315269808009
"PGEN_.00g290440"	0.00034063797639134	7.91099248015468e-06	0.0263660802193592
"PGEN_.00g258640"	0.642679663487201	0.697916765881064	0.0279312691557659
"PGEN_.00g345470"	0.190993626112364	0.0899267669831178	0.0280343217625403
"PGEN_.00g032130"	0.000113559048639118	0.852851238044373	0.0289107957316112
"PGEN_.00g200660"	0.207823718268453	0.476336738890499	0.0292894397285753
"PGEN_.00g079480"	0.964208356916324	0.432612710204041	0.0293866784936055
"PGEN_.00g206250"	0.026523036214944	0.33997294345242	0.029429551846066
"PGEN_.00g277660"	0.908027219388808	0.229047478963633	0.0297573435506922
"PGEN_.00g326880"	0.0269347640600576	0.97729332228858	0.0298255247700431
"PGEN_.00g145060"	0.228465792396348	0.366539883637865	0.0306820477004732
"PGEN_.00g131030"	0.0506008555137126	0.686472921908157	0.0307706619573291
"PGEN_.00g312420"	0.00329080548377532	0.589330034617844	0.031024265384004
"PGEN_.00g171290"	0.511239818873538	0.072045977259651	0.0321004359566952
"PGEN_.00g267180"	0.382926855618171	0.655597478781302	0.0321027788186907
"PGEN_.00g278580"	0.628210635817157	0.412452197741911	0.0321027788186907
"PGEN_.00g263370"	0.878534179246567	0.455691996257945	0.0325970831479597
"PGEN_.00g243810"	0.00326345023811354	0.695341115015561	0.0337538482409067
"PGEN_.00g077070"	0.0479839768969098	0.722974837374779	0.033890904695957
"PGEN_.00g197680"	2.1803133586828e-05	0.108094483690144	0.033936008120786
"PGEN_.00g127090"	0.421071638791119	0.890138793135651	0.0340130911241578
"PGEN_.00g064740"	0.0122363281691047	0.785198974034576	0.0342548593273061
"PGEN_.00g097420"	0.746307394625819	0.692808563674087	0.0342548593273061
"PGEN_.00g162560"	0.83841926153715	0.900970474124237	0.0342548593273061
"PGEN_.00g220440"	0.000392815992675603	0.364217971200052	0.0347005724812644
"PGEN_.00g191390"	0.99162866491487	0.900590517964719	0.0352602484135892
"PGEN_.00g006120"	0.00120707914284034	0.0711700933806135	0.0363605899148703
"PGEN_.00g204030"	0.0104396596149712	0.293475010921427	0.0363605899148703
"PGEN_.00g260920"	0.175336333105928	0.949972249737897	0.0364351029824165
"PGEN_.00g294360"	1.87184156192269e-07	5.24232898703716e-06	0.0371944624902867
"PGEN_.00g329100"	0.544382496877012	0.954687641489269	0.0371944624902867
"PGEN_.00g095430"	0.575025295445383	0.944359184812895	0.0372839307076785
"PGEN_.00g119520"	0.302970190987948	0.845250987491855	0.0374691219898065
"PGEN_.00g207910"	2.25861417678572e-06	0.821023226408464	0.0374691219898065
"PGEN_.00g277670"	0.85440559545772	0.673701728906533	0.0374691219898065
"PGEN_.00g163830"	0.190846416393212	0.135783574269875	0.037512558821187
"PGEN_.00g345510"	0.637602536700139	0.850796407942421	0.0380900931136557
"PGEN_.00g313160"	0.918269997831093	5.57591080435365e-05	0.0384545141783063
"PGEN_.00g334090"	0.311137916384578	0.191794819458757	0.0393261372238743
"PGEN_.00g275480"	0.570008130306654	0.213175567886512	0.0399673498836877
"PGEN_.00g141850"	0.0450149960216759	0.811064891122452	0.0407364231531465
"PGEN_.00g245920"	0.00191592071943769	0.0724069180772028	0.0407364231531465
"PGEN_.00g238170"	0.849698990611881	0.760142389386569	0.041036472070159
"PGEN_.00g130160"	0.00584581123472313	0.0113978152092618	0.0413563140748495
"PGEN_.00g238380"	0.251587707337026	0.0252016837572532	0.0418124094712319
"PGEN_.00g344230"	0.153896783267085	0.583317605050393	0.0418923849202817
"PGEN_.00g310690"	0.355293346797325	0.116228901661931	0.0423032624862267
"PGEN_.00g216490"	0.730021450676851	0.46508386192477	0.042515329820647
"PGEN_.00g079590"	0.617447529170221	0.0190658002977033	0.042930540410681
"PGEN_.00g014630"	0.808255037775007	0.483249647623482	0.0429816411385338
"PGEN_.00g202160"	0.00555633751053965	0.597368080608092	0.0436676584975291
"PGEN_.00g042660"	0.485198524929908	0.60194487511886	0.0458015827336261
"PGEN_.00g111970"	0.952399744279913	0.92913743529479	0.0462309018861883
"PGEN_.00g290300"	0.00195919427279018	0.307629301688654	0.046648571111853
"PGEN_.00g009310"	0.12226912401282	0.758963450182656	0.0474363723192494
"PGEN_.00g143270"	1.41081904054638e-23	0.0327472628487409	0.0480764529375252
"PGEN_.00g219190"	0.952399744279913	0.610091503388647	0.0481190059021212
"PGEN_.00g086400"	0.123902783257335	5.6536229432692e-07	0.0484311711313377
"PGEN_.00g019530"	0.0809662446226755	0.726696793835384	0.0486984092830612
"PGEN_.00g258970"	0.998477121273786	0.0899267669831178	0.0491604715551165
"PGEN_.00g057390"	0.236014350249625	0.000287743175805685	0.0496018477494092
"PGEN_.00g065280"	0.424420442446923	0.596170156848761	0.0496874106329156
